{
    "1": {
        "mean": 0.513,
        "std": 0.3511851363597265
    },
    "2": {
        "mean": 0.5125,
        "std": 0.3020244195425296
    },
    "3": {
        "mean": 0.5060555555555564,
        "std": 0.2723022501414503
    },
    "4": {
        "mean": 0.5030104166666673,
        "std": 0.250064331783614
    },
    "5": {
        "mean": 0.5001283333333338,
        "std": 0.23258755263699807
    },
    "6": {
        "mean": 0.49796805555555584,
        "std": 0.21889945349135503
    },
    "7": {
        "mean": 0.49371751700680233,
        "std": 0.2075261421843385
    },
    "8": {
        "mean": 0.49087782738095204,
        "std": 0.19773442107122444
    },
    "9": {
        "mean": 0.488088932980596,
        "std": 0.1894258342344335
    },
    "10": {
        "mean": 0.48516503968253344,
        "std": 0.1819595892665224
    },
    "11": {
        "mean": 0.4825921848353568,
        "std": 0.17555953237093586
    },
    "12": {
        "mean": 0.4801956138768556,
        "std": 0.16973470943587068
    },
    "13": {
        "mean": 0.4776421051170981,
        "std": 0.1646469064947578
    },
    "14": {
        "mean": 0.4755630772005681,
        "std": 0.15989307127648517
    },
    "15": {
        "mean": 0.4736233164983023,
        "std": 0.15564273343999654
    },
    "16": {
        "mean": 0.4716253748421584,
        "std": 0.1517575085395915
    },
    "17": {
        "mean": 0.46978755002444694,
        "std": 0.14814847017935848
    },
    "18": {
        "mean": 0.46800768613420335,
        "std": 0.1448366730718324
    },
    "19": {
        "mean": 0.46626766941246006,
        "std": 0.1417816935598719
    },
    "20": {
        "mean": 0.4647592859418374,
        "std": 0.13895733118649475
    },
    "21": {
        "mean": 0.4632310659763509,
        "std": 0.13629992234369093
    },
    "22": {
        "mean": 0.4619302737212233,
        "std": 0.13379493600084064
    },
    "23": {
        "mean": 0.46060627316245256,
        "std": 0.13142058993934022
    },
    "24": {
        "mean": 0.4593153867806836,
        "std": 0.1292036907590554
    },
    "25": {
        "mean": 0.4579275713094509,
        "std": 0.12715787409476198
    },
    "26": {
        "mean": 0.4565886410519894,
        "std": 0.12521032327979742
    },
    "27": {
        "mean": 0.45545641429148986,
        "std": 0.12333079801420586
    },
    "28": {
        "mean": 0.45430554745454743,
        "std": 0.1215587715545533
    },
    "29": {
        "mean": 0.45320761537822996,
        "std": 0.11986537578614508
    },
    "30": {
        "mean": 0.45217791708784033,
        "std": 0.11822098028102286
    },
    "31": {
        "mean": 0.45113835888833137,
        "std": 0.11669838119371362
    },
    "32": {
        "mean": 0.45021606642307105,
        "std": 0.11520670436758057
    },
    "33": {
        "mean": 0.4492999689097866,
        "std": 0.11377092111702396
    },
    "34": {
        "mean": 0.44835732276538115,
        "std": 0.1124194226142716
    },
    "35": {
        "mean": 0.4475205829312676,
        "std": 0.11109440059348132
    },
    "36": {
        "mean": 0.44671406982514944,
        "std": 0.10981928539011736
    },
    "37": {
        "mean": 0.4459318049723194,
        "std": 0.10859458960405563
    },
    "38": {
        "mean": 0.44508214528470147,
        "std": 0.10743883058168091
    },
    "39": {
        "mean": 0.44425985490595243,
        "std": 0.10632828539512788
    },
    "40": {
        "mean": 0.4435192960333039,
        "std": 0.10524166842125748
    },
    "41": {
        "mean": 0.44279633878323416,
        "std": 0.10418955079713642
    },
    "42": {
        "mean": 0.442074430490228,
        "std": 0.10318489707914899
    },
    "43": {
        "mean": 0.44140936801804254,
        "std": 0.10219190856419132
    },
    "44": {
        "mean": 0.44074897948871306,
        "std": 0.10124677463451583
    },
    "45": {
        "mean": 0.44008813796922935,
        "std": 0.10033560965814639
    },
    "46": {
        "mean": 0.43943475689807143,
        "std": 0.09944682652305376
    },
    "47": {
        "mean": 0.438782002903406,
        "std": 0.09859755585395003
    },
    "48": {
        "mean": 0.43815872332902955,
        "std": 0.0977560438681604
    },
    "49": {
        "mean": 0.43759634205325876,
        "std": 0.0969282763012975
    },
    "50": {
        "mean": 0.437018415212191,
        "std": 0.09613842678166469
    },
    "51": {
        "mean": 0.43644981114612935,
        "std": 0.09537161432563813
    },
    "52": {
        "mean": 0.4358964124110748,
        "std": 0.09462548710307295
    },
    "53": {
        "mean": 0.4353873309380238,
        "std": 0.09388577908946709
    },
    "54": {
        "mean": 0.4348446643157306,
        "std": 0.0931812140689314
    },
    "55": {
        "mean": 0.43433327372486547,
        "std": 0.092487719839855
    },
    "56": {
        "mean": 0.4338182343981464,
        "std": 0.09181726912505996
    },
    "57": {
        "mean": 0.433325270606013,
        "std": 0.09115897100209994
    },
    "58": {
        "mean": 0.432828580446933,
        "std": 0.09052260726091187
    },
    "59": {
        "mean": 0.4323791733092186,
        "std": 0.08988868060922132
    },
    "60": {
        "mean": 0.43190132597629083,
        "std": 0.08927961053761119
    },
    "61": {
        "mean": 0.4314665017665183,
        "std": 0.08866913851707976
    },
    "62": {
        "mean": 0.43102219294509403,
        "std": 0.08808734238078288
    },
    "63": {
        "mean": 0.4306126696003007,
        "std": 0.08750493569166314
    },
    "64": {
        "mean": 0.430161690387796,
        "std": 0.08695550325972219
    },
    "65": {
        "mean": 0.42976145136409266,
        "std": 0.08640489043562138
    },
    "66": {
        "mean": 0.4293451851129442,
        "std": 0.08587336539862768
    },
    "67": {
        "mean": 0.42895542627967126,
        "std": 0.08534524012406539
    },
    "68": {
        "mean": 0.42855296758870326,
        "std": 0.08483157125791652
    },
    "69": {
        "mean": 0.4281521789385,
        "std": 0.0843326055942227
    },
    "70": {
        "mean": 0.42775878046388116,
        "std": 0.08384492450742942
    },
    "71": {
        "mean": 0.4273805076186169,
        "std": 0.08336151876239412
    },
    "72": {
        "mean": 0.4270049488708273,
        "std": 0.08288856215125436
    },
    "73": {
        "mean": 0.42663210945114277,
        "std": 0.08242755519106025
    },
    "74": {
        "mean": 0.42626628109115083,
        "std": 0.08197652241120924
    },
    "75": {
        "mean": 0.42591073067660074,
        "std": 0.08152705068004858
    },
    "76": {
        "mean": 0.4255644329737969,
        "std": 0.08108593075869189
    },
    "77": {
        "mean": 0.4252153924376189,
        "std": 0.08065740560512785
    },
    "78": {
        "mean": 0.4248722299441685,
        "std": 0.0802394127521533
    },
    "79": {
        "mean": 0.4245530653606703,
        "std": 0.07981996813981931
    },
    "80": {
        "mean": 0.4242241207936624,
        "std": 0.0794096480189799
    },
    "81": {
        "mean": 0.4238986134343646,
        "std": 0.07901329056947039
    },
    "82": {
        "mean": 0.42359073325862856,
        "std": 0.07861987980612437
    },
    "83": {
        "mean": 0.42328952395968067,
        "std": 0.07823006988037119
    },
    "84": {
        "mean": 0.4229897337084634,
        "std": 0.07785085601478521
    },
    "85": {
        "mean": 0.4226899236925136,
        "std": 0.07747716179108807
    },
    "86": {
        "mean": 0.4224061441579377,
        "std": 0.07710437153685619
    },
    "87": {
        "mean": 0.42211603522125496,
        "std": 0.07673892341797203
    },
    "88": {
        "mean": 0.42184876880861655,
        "std": 0.07637390849111808
    },
    "89": {
        "mean": 0.42156092126108524,
        "std": 0.07602230368821143
    },