{
    "1": {
        "mean": 0.5255,
        "std": 0.24129805220929532
    },
    "2": {
        "mean": 0.5139375,
        "std": 0.21231858984495144
    },
    "3": {
        "mean": 0.5070138888888893,
        "std": 0.19140983950400756
    },
    "4": {
        "mean": 0.504666666666667,
        "std": 0.1769458093441169
    },
    "5": {
        "mean": 0.5023133333333333,
        "std": 0.16577070388541779
    },
    "6": {
        "mean": 0.5013305555555554,
        "std": 0.15647250968965762
    },
    "7": {
        "mean": 0.5005792517006791,
        "std": 0.1485471174413034
    },
    "8": {
        "mean": 0.49956934523809415,
        "std": 0.14149545607562095
    },
    "9": {
        "mean": 0.4983517636684305,
        "std": 0.13561056589126835
    },
    "10": {
        "mean": 0.49745158730158756,
        "std": 0.13055948311263163
    },
    "11": {
        "mean": 0.49659028597665,
        "std": 0.12604175506548393
    },
    "12": {
        "mean": 0.49553935936748544,
        "std": 0.12203272037870606
    },
    "13": {
        "mean": 0.49453041456406893,
        "std": 0.11829167442335387
    },
    "14": {
        "mean": 0.49338410944214606,
        "std": 0.1150352418781059
    },
    "15": {
        "mean": 0.4922662799237786,
        "std": 0.11203503352775318
    },
    "16": {
        "mean": 0.49139709836604245,
        "std": 0.10922834930861709
    },
    "17": {
        "mean": 0.4902837742407016,
        "std": 0.10670118159273433
    },
    "18": {
        "mean": 0.4893081324618985,
        "std": 0.1043451391755821
    },
    "19": {
        "mean": 0.4883396988974224,
        "std": 0.1021747929052063
    },
    "20": {
        "mean": 0.4874920889525528,
        "std": 0.10013166446935172
    },
    "21": {
        "mean": 0.48676344072579136,
        "std": 0.09820654009263653
    },
    "22": {
        "mean": 0.4860417554035458,
        "std": 0.09637252591784085
    },
    "23": {
        "mean": 0.48526961859016143,
        "std": 0.09467894925733608
    },
    "24": {
        "mean": 0.48456046781557194,
        "std": 0.09304997898178213
    },
    "25": {
        "mean": 0.4839400491029462,
        "std": 0.09152492889953724
    },
    "26": {
        "mean": 0.48333362709603267,
        "std": 0.0900538342184745
    },
    "27": {
        "mean": 0.48264362993335835,
        "std": 0.08869328878919674
    },
    "28": {
        "mean": 0.4820450691704322,
        "std": 0.0873845022998174
    },
    "29": {
        "mean": 0.4813809110182976,
        "std": 0.08619313073964065
    },
    "30": {
        "mean": 0.4808140473176925,
        "std": 0.08501043331366104
    },
    "31": {
        "mean": 0.48021156504209245,
        "std": 0.08388603418209176
    },
    "32": {
        "mean": 0.479656125509527,
        "std": 0.08279418900439452
    },
    "33": {
        "mean": 0.4790880335519348,
        "std": 0.08176201381487402
    },
    "34": {
        "mean": 0.4786057730495368,
        "std": 0.08075904354973955
    },
    "35": {
        "mean": 0.47815785300323616,
        "std": 0.07979013702714519
    },
    "36": {
        "mean": 0.477674301530924,
        "std": 0.07888171240162331
    },
    "37": {
        "mean": 0.47720885291396015,
        "std": 0.0779968459106529
    },
    "38": {
        "mean": 0.4767549495824237,
        "std": 0.07714787431033945
    },
    "39": {
        "mean": 0.4763108713222712,
        "std": 0.0763187824629398
    },
    "40": {
        "mean": 0.4758484120392136,
        "std": 0.07553492713229096
    },
    "41": {
        "mean": 0.47543122887822953,
        "std": 0.07476683708540417
    },
    "42": {
        "mean": 0.4750306554015313,
        "std": 0.07401685461655787
    },
    "43": {
        "mean": 0.4745824032748235,
        "std": 0.07331462992363602
    },
    "44": {
        "mean": 0.47418551497725475,
        "std": 0.07262189352088182
    },
    "45": {
        "mean": 0.4738321331629588,
        "std": 0.07194328457470461
    },
    "46": {
        "mean": 0.47345369359514233,
        "std": 0.07130044905255702
    },
    "47": {
        "mean": 0.47305710074816754,
        "std": 0.07067468335767607
    },
    "48": {
        "mean": 0.47268807260758067,
        "std": 0.07006764623808176
    },
    "49": {
        "mean": 0.47232209361642336,
        "std": 0.06947806000644845
    },
    "50": {
        "mean": 0.4719736517440959,
        "std": 0.06889994035554235
    },
    "51": {
        "mean": 0.471599697019392,
        "std": 0.06834679237428193
    },
    "52": {
        "mean": 0.47125273539032037,
        "std": 0.06779881003567167
    },
    "53": {
        "mean": 0.470918846114535,
        "std": 0.06727237253707138
    },
    "54": {
        "mean": 0.4705853866871696,
        "std": 0.06676013883217635
    },
    "55": {
        "mean": 0.47026970197054146,
        "std": 0.06625362160936327
    },
    "56": {
        "mean": 0.46993931188433286,
        "std": 0.06576608542740342
    },
    "57": {
        "mean": 0.46963282041699905,
        "std": 0.06528525522164606
    },
    "58": {
        "mean": 0.4693189222052908,
        "std": 0.06482568700757362
    },
    "59": {
        "mean": 0.469009437456627,
        "std": 0.06437643658890459
    },
    "60": {
        "mean": 0.46872664127679453,
        "std": 0.0639262924877709
    },
    "61": {
        "mean": 0.46842226742087517,
        "std": 0.06349892688418053
    },
    "62": {
        "mean": 0.46814340930951714,
        "std": 0.06307836627562766
    },
    "63": {
        "mean": 0.4678602687737514,
        "std": 0.06266356714412677
    },
    "64": {
        "mean": 0.4675821176015053,
        "std": 0.06225908657174597
    },
    "65": {
        "mean": 0.4673281323603097,
        "std": 0.06185457106099224
    },
    "66": {
        "mean": 0.4670816546890937,
        "std": 0.06146529855330163
    },
    "67": {
        "mean": 0.4668130044631719,
        "std": 0.061088010105525246
    },
    "68": {
        "mean": 0.4665511025809273,
        "std": 0.06071834697731626
    },
    "69": {
        "mean": 0.4663139095378521,
        "std": 0.06034898440211877
    },
    "70": {
        "mean": 0.4660687108301665,
        "std": 0.05999467722110978
    },
    "71": {
        "mean": 0.46583966332592935,
        "std": 0.059641195266830205
    },
    "72": {
        "mean": 0.4656038018754134,
        "std": 0.05930192454223386
    },
    "73": {
        "mean": 0.4653763994477556,
        "std": 0.058965499910642726
    },
    "74": {
        "mean": 0.4651478834581375,
        "std": 0.0586332264494313
    },
    "75": {
        "mean": 0.46492262278980295,
        "std": 0.058309860879222936
    },
    "76": {
        "mean": 0.46469493592484173,
        "std": 0.0579909447360663
    },
    "77": {
        "mean": 0.4644827567940958,
        "std": 0.05767715275444634
    },
    "78": {
        "mean": 0.46425787924150774,
        "std": 0.057370304368449455
    },
    "79": {
        "mean": 0.4640443922265932,
        "std": 0.05707208019452992
    },
    "80": {
        "mean": 0.4638466888862619,
        "std": 0.05677351322543987
    },
    "81": {
        "mean": 0.4636392766320652,
        "std": 0.056480599576478906
    },
    "82": {
        "mean": 0.463433123942619,
        "std": 0.05619659131680176
    },
    "83": {
        "mean": 0.4632365860870189,
        "std": 0.05591618124677184
    },
    "84": {
        "mean": 0.4630393605723791,
        "std": 0.05563966961458057
    },
    "85": {
        "mean": 0.46285066221270116,
        "std": 0.05536610535347437
    },
    "86": {
        "mean": 0.46265614396631494,
        "std": 0.055101908017173185
    },
    "87": {
        "mean": 0.4624615232072927,
        "std": 0.054841574582403345
    },
    "88": {
        "mean": 0.4622730722720857,
        "std": 0.05458321441510948
    },
    "89": {
        "mean": 0.46209650953603343,