{
    "1": {
        "mean": 0.501,
        "std": 0.49999899999899994
    },
    "2": {
        "mean": 0.5085,
        "std": 0.43119340208310036
    },
    "3": {
        "mean": 0.501555555555556,
        "std": 0.38441560585476214
    },
    "4": {
        "mean": 0.491541666666667,
        "std": 0.35414409486896187
    },
    "5": {
        "mean": 0.48407333333333324,
        "std": 0.32864876076984517
    },
    "6": {
        "mean": 0.4773666666666696,
        "std": 0.3082342946045567
    },
    "7": {
        "mean": 0.47198775510204494,
        "std": 0.2916921742210938
    },
    "8": {
        "mean": 0.46612991071428933,
        "std": 0.277893017629221
    },
    "9": {
        "mean": 0.4608191798941833,
        "std": 0.26606865785334166
    },
    "10": {
        "mean": 0.4568572619047575,
        "std": 0.2554243621311069
    },
    "11": {
        "mean": 0.45251486619439113,
        "std": 0.24651640602433508
    },
    "12": {
        "mean": 0.4491177940115266,
        "std": 0.238335627049613
    },
    "13": {
        "mean": 0.44536908796329727,
        "std": 0.23118474778404546
    },
    "14": {
        "mean": 0.4419090510679702,
        "std": 0.22455430966972573
    },
    "15": {
        "mean": 0.4387684476634231,
        "std": 0.21864875999706382
    },
    "16": {
        "mean": 0.4356501071844592,
        "std": 0.21322607895744752
    },
    "17": {
        "mean": 0.43282985866494267,
        "std": 0.20823020126595299
    },
    "18": {
        "mean": 0.4301047430600907,
        "std": 0.2035941098797703
    },
    "19": {
        "mean": 0.42771972888241694,
        "std": 0.1992939557206405
    },
    "20": {
        "mean": 0.425106242438296,
        "std": 0.19528810137567987
    },
    "21": {
        "mean": 0.42269755515665086,
        "std": 0.19163131118579252
    },
    "22": {
        "mean": 0.4203311373602685,
        "std": 0.1881272548042524
    },
    "23": {
        "mean": 0.418159840272764,
        "std": 0.18486234454815864
    },
    "24": {
        "mean": 0.41601429137250984,
        "std": 0.18185760841689105
    },
    "25": {
        "mean": 0.4140521197176147,
        "std": 0.1789577584459936
    },
    "26": {
        "mean": 0.4122335470657482,
        "std": 0.17618078959168212
    },
    "27": {
        "mean": 0.41048004120734854,
        "std": 0.1735346921190211
    },
    "28": {
        "mean": 0.40877284585810736,
        "std": 0.17106169522335524
    },
    "29": {
        "mean": 0.4072836514111557,
        "std": 0.16867407471861523
    },
    "30": {
        "mean": 0.405680863030781,
        "std": 0.16643483003739717
    },
    "31": {
        "mean": 0.40432071032115513,
        "std": 0.16423891542558972
    },
    "32": {
        "mean": 0.40283998499861906,
        "std": 0.1621897536322228
    },
    "33": {
        "mean": 0.4014729331116126,
        "std": 0.16019688408763352
    },
    "34": {
        "mean": 0.4002064281584989,
        "std": 0.15825973253060557
    },
    "35": {
        "mean": 0.398864203680505,
        "std": 0.15644634644075708
    },
    "36": {
        "mean": 0.39763417950419355,
        "std": 0.15469082924922142
    },
    "37": {
        "mean": 0.3964797130018885,
        "std": 0.15298955728327499
    },
    "38": {
        "mean": 0.39531196432178695,
        "std": 0.15136807920162626
    },
    "39": {
        "mean": 0.3941678705620543,
        "std": 0.149804688321636
    },
    "40": {
        "mean": 0.3930724237980038,
        "std": 0.1482977978779947
    },
    "41": {
        "mean": 0.39202842060007825,
        "std": 0.14681054518704412
    },
    "42": {
        "mean": 0.3909931634202558,
        "std": 0.14538679349805309
    },
    "43": {
        "mean": 0.389994404076246,
        "std": 0.144023872596512
    },
    "44": {
        "mean": 0.38902087423153353,
        "std": 0.14269084246046917
    },
    "45": {
        "mean": 0.3880584350510734,
        "std": 0.14139679395084698
    },
    "46": {
        "mean": 0.3871526278618727,
        "std": 0.1401487578777894
    },
    "47": {
        "mean": 0.38621637910247136,
        "std": 0.13895546714368615
    },
    "48": {
        "mean": 0.38532081217672576,
        "std": 0.13778840102415274
    },
    "49": {
        "mean": 0.3845291754434261,
        "std": 0.1366337049761591
    },
    "50": {
        "mean": 0.38369099193455747,
        "std": 0.13552520683966576
    },
    "51": {
        "mean": 0.3828877468024331,
        "std": 0.1344470266907451
    },
    "52": {
        "mean": 0.38208628125740546,
        "std": 0.13340624393817122
    },
    "53": {
        "mean": 0.3813534322340346,
        "std": 0.13238533800976915
    },
    "54": {
        "mean": 0.38059105728867204,
        "std": 0.13139231307049662
    },
    "55": {
        "mean": 0.3798540298007817,
        "std": 0.1304264221555459
    },
    "56": {
        "mean": 0.37911875375841897,
        "std": 0.1294817219063197
    },
    "57": {
        "mean": 0.3783890618642154,
        "std": 0.12856691880793605
    },
    "58": {
        "mean": 0.37773372132077193,
        "std": 0.12765855899642103
    },
    "59": {
        "mean": 0.3770645775236032,
        "std": 0.12677988895176648
    },
    "60": {
        "mean": 0.3763990567870866,
        "std": 0.12591593221019812
    },
    "61": {
        "mean": 0.3757198462350765,
        "std": 0.1250815606556122
    },
    "62": {
        "mean": 0.3750771223884137,
        "std": 0.12426251538013881
    },
    "63": {
        "mean": 0.3744528193623325,
        "std": 0.12345881496108545
    },
    "64": {
        "mean": 0.37386078312229604,
        "std": 0.12267265525350309
    },
    "65": {
        "mean": 0.3732617414884501,
        "std": 0.1219089609936961
    },
    "66": {
        "mean": 0.37268247726938286,
        "std": 0.12115796648546957
    },
    "67": {
        "mean": 0.3721155969002452,
        "std": 0.12041615026373119
    },
    "68": {
        "mean": 0.3715457741084711,
        "std": 0.11970158212511595
    },
    "69": {
        "mean": 0.37098230878322985,
        "std": 0.11899413425204561
    },
    "70": {
        "mean": 0.37045827580060003,
        "std": 0.11829512329586403
    },
    "71": {
        "mean": 0.36993148794465136,
        "std": 0.11761310689405657
    },
    "72": {
        "mean": 0.3693961740688752,
        "std": 0.11695183417615729
    },
    "73": {
        "mean": 0.368881270577209,
        "std": 0.11629877086760064
    },
    "74": {
        "mean": 0.36839383193170677,
        "std": 0.1156493778263882
    },
    "75": {
        "mean": 0.3678989808392864,
        "std": 0.11502534749788296
    },
    "76": {
        "mean": 0.3674087934182597,
        "std": 0.11440724929683554
    },
    "77": {
        "mean": 0.3669448910581253,
        "std": 0.11380000221247939
    },
    "78": {
        "mean": 0.36648800389464714,
        "std": 0.11320052548054582
    },
    "79": {
        "mean": 0.3660492036530747,
        "std": 0.11260619717470778
    },
    "80": {
        "mean": 0.3656285886074111,
        "std": 0.11202137916907269
    },
    "81": {
        "mean": 0.36519543578357133,
        "std": 0.11145375772505345
    },
    "82": {
        "mean": 0.3647666693150635,
        "std": 0.11089575097598653
    },
    "83": {
        "mean": 0.36433690685996667,
        "std": 0.11034611683807775
    },
    "84": {
        "mean": 0.3639163711206935,
        "std": 0.10980512971164148
    },
    "85": {
        "mean": 0.36348164564730306,
        "std": 0.1092836115945203
    },
    "86": {
        "mean": 0.36306974441343265,
        "std": 0.10876243770093581
    },
    "87": {
        "mean": 0.362664794253047,
        "std": 0.10824702241172907
    },
    "88": {
        "mean": 0.36228185237620153,
        "std": 0.10774102938323109
    },
    "89": {
        "mean": 0.3618947693233692,
        "std": 0.10724165615365791
    },