{
    "1": {
        "mean": 0.50125,
        "std": 0.1749955356573412
    },
    "2": {
        "mean": 0.50365625,
        "std": 0.15097440995392983
    },
    "3": {
        "mean": 0.5021874999999998,
        "std": 0.137084771290162
    },
    "4": {
        "mean": 0.5028593749999998,
        "std": 0.1261015481677512
    },
    "5": {
        "mean": 0.5031824999999996,
        "std": 0.11778823317422549
    },
    "6": {
        "mean": 0.5032805555555548,
        "std": 0.11154305110238107
    },
    "7": {
        "mean": 0.502967517006802,
        "std": 0.10609609368303281
    },
    "8": {
        "mean": 0.5022801711309517,
        "std": 0.1015368179887823
    },
    "9": {
        "mean": 0.5020283619929431,
        "std": 0.09758218173320976
    },
    "10": {
        "mean": 0.5015917757936488,
        "std": 0.09409082008671668
    },
    "11": {
        "mean": 0.5010834325396823,
        "std": 0.0909303258627882
    },
    "12": {
        "mean": 0.5005738756613745,
        "std": 0.08814398058476552
    },
    "13": {
        "mean": 0.5002368319714455,
        "std": 0.08566463001793925
    },
    "14": {
        "mean": 0.4999233592796073,
        "std": 0.08340900369719559
    },
    "15": {
        "mean": 0.4994901353276335,
        "std": 0.08124031882372822
    },
    "16": {
        "mean": 0.4991626268696564,
        "std": 0.07926390242789476
    },
    "17": {
        "mean": 0.4988680259811313,
        "std": 0.07745991969186747
    },
    "18": {
        "mean": 0.49849341342662473,
        "std": 0.07577068700042659
    },
    "19": {
        "mean": 0.4981177213072197,
        "std": 0.07423422279334065
    },
    "20": {
        "mean": 0.4977505852418597,
        "std": 0.07276093637532358
    },
    "21": {
        "mean": 0.49746796100131974,
        "std": 0.07137452141886358
    },
    "22": {
        "mean": 0.49705206194754026,
        "std": 0.07010123831494065
    },
    "23": {
        "mean": 0.49671402333734566,
        "std": 0.06887218157343122
    },
    "24": {
        "mean": 0.49638392514273383,
        "std": 0.06771338365598739
    },
    "25": {
        "mean": 0.49604936813702427,
        "std": 0.0666272444159202
    },
    "26": {
        "mean": 0.495734784451281,
        "std": 0.0655780512685343
    },
    "27": {
        "mean": 0.4954688870847773,
        "std": 0.0645732744107918
    },
    "28": {
        "mean": 0.49516913729093154,
        "std": 0.0636273161609994
    },
    "29": {
        "mean": 0.49483111115367096,
        "std": 0.06272989806241643
    },
    "30": {
        "mean": 0.4945689630041041,
        "std": 0.061860049618840285
    },
    "31": {
        "mean": 0.49425924619543904,
        "std": 0.06104056273445377
    },
    "32": {
        "mean": 0.4940068820565191,
        "std": 0.06024792833544871
    },
    "33": {
        "mean": 0.49371684338997435,
        "std": 0.059487988163347535
    },
    "34": {
        "mean": 0.49346587221760585,
        "std": 0.058758720766630364
    },
    "35": {
        "mean": 0.49317562280730054,
        "std": 0.058066031440873744
    },
    "36": {
        "mean": 0.49292035859351735,
        "std": 0.057391819820124
    },
    "37": {
        "mean": 0.49263945774036266,
        "std": 0.05674307558268161
    },
    "38": {
        "mean": 0.49240846785522635,
        "std": 0.0561191917056368
    },
    "39": {
        "mean": 0.49216673199305333,
        "std": 0.05552320040977193
    },
    "40": {
        "mean": 0.4919327199432261,
        "std": 0.05493763529494442
    },
    "41": {
        "mean": 0.49172243349606715,
        "std": 0.05437064790697513
    },
    "42": {
        "mean": 0.4914958364400365,
        "std": 0.05383360291274906
    },
    "43": {
        "mean": 0.4912658764795485,
        "std": 0.053311155142934726
    },
    "44": {
        "mean": 0.49106975118765783,
        "std": 0.052793631831252026
    },
    "45": {
        "mean": 0.49086141103780107,
        "std": 0.0523019001332248
    },
    "46": {
        "mean": 0.49065872913433267,
        "std": 0.05181680982282791
    },
    "47": {
        "mean": 0.49046601285125846,
        "std": 0.051353305546449096
    },
    "48": {
        "mean": 0.4902688585036623,
        "std": 0.05090327982158838
    },
    "49": {
        "mean": 0.49006637034594513,
        "std": 0.05046532271933352
    },
    "50": {
        "mean": 0.489882542939025,
        "std": 0.05003519353399233
    },
    "51": {
        "mean": 0.48969986908670277,
        "std": 0.04962333605357277
    },
    "52": {
        "mean": 0.48950954246225276,
        "std": 0.04922248737307955
    },
    "53": {
        "mean": 0.4893487180583768,
        "std": 0.04882745738441637
    },
    "54": {
        "mean": 0.4891651341162798,
        "std": 0.048448225955989264
    },
    "55": {
        "mean": 0.4889953961406119,
        "std": 0.048077695290633785
    },
    "56": {
        "mean": 0.48882448026565134,
        "std": 0.04771576629969584
    },
    "57": {
        "mean": 0.48865985411139784,
        "std": 0.04736139493590821
    },
    "58": {
        "mean": 0.48849330490258175,
        "std": 0.047013934931141546
    },
    "59": {
        "mean": 0.4883359923518074,
        "std": 0.04668005105774546
    },
    "60": {
        "mean": 0.4881795244237212,
        "std": 0.046350425686452264
    },
    "61": {
        "mean": 0.4880205413573824,
        "std": 0.046026978308266
    },
    "62": {
        "mean": 0.4878591798682645,
        "std": 0.045711427404696796
    },
    "63": {
        "mean": 0.48769991347075103,
        "std": 0.04540577241249858
    },
    "64": {
        "mean": 0.48754218777198927,
        "std": 0.04510781185159726
    },
    "65": {
        "mean": 0.48738343222046016,
        "std": 0.0448181391414338
    },
    "66": {
        "mean": 0.4872357493631278,
        "std": 0.04452928465795832
    },
    "67": {
        "mean": 0.4871049195107483,
        "std": 0.044243139240839974
    },
    "68": {
        "mean": 0.48694947843662856,
        "std": 0.04397041365834165
    },
    "69": {
        "mean": 0.4868200121454862,
        "std": 0.04369747362919464
    },
    "70": {
        "mean": 0.48666822115565095,
        "std": 0.04343712415477
    },
    "71": {
        "mean": 0.48653085878665236,
        "std": 0.04317965350099572
    },
    "72": {
        "mean": 0.4864058883328249,
        "std": 0.04292196439636472
    },
    "73": {
        "mean": 0.48627354552022756,
        "std": 0.0426713441492663
    },
    "74": {
        "mean": 0.4861426804054548,
        "std": 0.04242860560119349
    },
    "75": {
        "mean": 0.4860102002222689,
        "std": 0.04218975785466905
    },
    "76": {
        "mean": 0.4858884636888735,
        "std": 0.04195459423938605
    },
    "77": {
        "mean": 0.48575283176038137,
        "std": 0.04172745442459227
    },
    "78": {
        "mean": 0.48563453444326643,
        "std": 0.041500245975877856
    },
    "79": {
        "mean": 0.4855069502066023,
        "std": 0.041278386592337596
    },
    "80": {
        "mean": 0.4853856914540203,
        "std": 0.04105873730276309
    },
    "81": {
        "mean": 0.4852627885416946,
        "std": 0.04084437842557044
    },
    "82": {
        "mean": 0.4851470763673337,
        "std": 0.040630724621409896
    },
    "83": {
        "mean": 0.48502445953782364,
        "std": 0.04042401525850774
    },
    "84": {
        "mean": 0.48490012498550344,
        "std": 0.04022434186923904
    },
    "85": {
        "mean": 0.48477825500297245,
        "std": 0.0400246637643645
    },
    "86": {
        "mean": 0.4846589939253308,
        "std": 0.03982881164411209
    },
    "87": {
        "mean": 0.484542306453866,
        "std": 0.03963548257602009
    },
    "88": {
        "mean": 0.4844291739683359,
        "std": 0.03944472214157792
    },
    "89": {
        "mean": 0.48432572156546905,