{
    "1": {
        "mean": 0.5034375,
        "std": 0.12164200484927065
    },
    "2": {
        "mean": 0.50196875,
        "std": 0.10580804682744002
    },
    "3": {
        "mean": 0.5019027777777785,
        "std": 0.09622502582039662
    },
    "4": {
        "mean": 0.5008411458333338,
        "std": 0.088802605348843
    },
    "5": {
        "mean": 0.5011954166666671,
        "std": 0.08305090561479436
    },
    "6": {
        "mean": 0.5006993055555562,
        "std": 0.07836403693913122
    },
    "7": {
        "mean": 0.5007269557823131,
        "std": 0.0746969687236454
    },
    "8": {
        "mean": 0.500667336309524,
        "std": 0.07165406671082933
    },
    "9": {
        "mean": 0.5002830026455033,
        "std": 0.06890339240860587
    },
    "10": {
        "mean": 0.500281577380954,
        "std": 0.0665705701774362
    },
    "11": {
        "mean": 0.5000664133215291,
        "std": 0.0644379104560672
    },
    "12": {
        "mean": 0.5000426497114029,
        "std": 0.06252590352471772
    },
    "13": {
        "mean": 0.5000475050590456,
        "std": 0.060799538394579654
    },
    "14": {
        "mean": 0.5000469817385021,
        "std": 0.05919188114804765
    },
    "15": {
        "mean": 0.5001310718448235,
        "std": 0.05776901158062497
    },
    "16": {
        "mean": 0.5001829384482721,
        "std": 0.05643288097538547
    },
    "17": {
        "mean": 0.5000164680205198,
        "std": 0.05520768974125338
    },
    "18": {
        "mean": 0.4999976133156748,
        "std": 0.05407853538236745
    },
    "19": {
        "mean": 0.49994216413839576,
        "std": 0.05300917297895935
    },
    "20": {
        "mean": 0.49988724343147495,
        "std": 0.05195885922221577
    },
    "21": {
        "mean": 0.4998182080299759,
        "std": 0.05101481698890779
    },
    "22": {
        "mean": 0.4997322047724158,
        "std": 0.0501039311999459
    },
    "23": {
        "mean": 0.4996637440734273,
        "std": 0.049258045313946584
    },
    "24": {
        "mean": 0.49955622695925567,
        "std": 0.048461740250087676
    },
    "25": {
        "mean": 0.49945937788088607,
        "std": 0.047693610077239025
    },
    "26": {
        "mean": 0.49935489367244895,
        "std": 0.046982515070496764
    },
    "27": {
        "mean": 0.4992419552236754,
        "std": 0.04629463537426668
    },
    "28": {
        "mean": 0.4991846851391561,
        "std": 0.045646954488640604
    },
    "29": {
        "mean": 0.4990863131188999,
        "std": 0.0450246197918213
    },
    "30": {
        "mean": 0.4990282276816028,
        "std": 0.04441318565053969
    },
    "31": {
        "mean": 0.49891844614348685,
        "std": 0.04384380149608104
    },
    "32": {
        "mean": 0.49885025495540913,
        "std": 0.04329170583629387
    },
    "33": {
        "mean": 0.49875854612755893,
        "std": 0.04275405456253024
    },
    "34": {
        "mean": 0.4986902259992404,
        "std": 0.042242882171351935
    },
    "35": {
        "mean": 0.498592903215588,
        "std": 0.0417508213649727
    },
    "36": {
        "mean": 0.4984994178639197,
        "std": 0.041276023411553744
    },
    "37": {
        "mean": 0.49842118304948213,
        "std": 0.04081684379078523
    },
    "38": {
        "mean": 0.49834751271992506,
        "std": 0.04036785927673753
    },
    "39": {
        "mean": 0.49827610213736384,
        "std": 0.03993944075134735
    },
    "40": {
        "mean": 0.49819580114642886,
        "std": 0.03952695039564852
    },
    "41": {
        "mean": 0.49809194014285785,
        "std": 0.03913213869458454
    },
    "42": {
        "mean": 0.49801768476530595,
        "std": 0.038749976131036146
    },
    "43": {
        "mean": 0.4979219516961297,
        "std": 0.038378713711334826
    },
    "44": {
        "mean": 0.49781522216378016,
        "std": 0.038017854969681075
    },
    "45": {
        "mean": 0.4977406246342146,
        "std": 0.03766566605369547
    },
    "46": {
        "mean": 0.4976699399777061,
        "std": 0.03732632504900866
    },
    "47": {
        "mean": 0.4975956474566795,
        "std": 0.03699620083352733
    },
    "48": {
        "mean": 0.4975146888725132,
        "std": 0.03667417172678356
    },
    "49": {
        "mean": 0.49742609255649733,
        "std": 0.03635689029624572
    },
    "50": {
        "mean": 0.4973525707053675,
        "std": 0.03604622026287947
    },
    "51": {
        "mean": 0.49726917254851444,
        "std": 0.03574607863342927
    },
    "52": {
        "mean": 0.49718589426725407,
        "std": 0.03546021710754816
    },
    "53": {
        "mean": 0.49710962961927657,
        "std": 0.03517597659883827
    },
    "54": {
        "mean": 0.497030396080374,
        "std": 0.03489571719771666
    },
    "55": {
        "mean": 0.4969526120194101,
        "std": 0.03462797667118105
    },
    "56": {
        "mean": 0.4968713871236551,
        "std": 0.03436739919081435
    },
    "57": {
        "mean": 0.49679327260655637,
        "std": 0.03411331750861435
    },
    "58": {
        "mean": 0.4967210714141721,
        "std": 0.033865445453709765
    },
    "59": {
        "mean": 0.49665548876164806,
        "std": 0.033619704803108684
    },
    "60": {
        "mean": 0.4965885222822865,
        "std": 0.03337935955920578
    },
    "61": {
        "mean": 0.49652675465014023,
        "std": 0.03314676584296992
    },
    "62": {
        "mean": 0.49646001849293087,
        "std": 0.032918337058830224
    },
    "63": {
        "mean": 0.496382390333429,
        "std": 0.03269701518177798
    },
    "64": {
        "mean": 0.49631405281357077,
        "std": 0.03247984201102522
    },
    "65": {
        "mean": 0.4962229786282707,
        "std": 0.03227112232142368
    },
    "66": {
        "mean": 0.49614684132582176,
        "std": 0.03206384131179684
    },
    "67": {
        "mean": 0.49606721036817386,
        "std": 0.03186262317745024
    },
    "68": {
        "mean": 0.4960012755054936,
        "std": 0.03166282753579743
    },
    "69": {
        "mean": 0.4959243299037541,
        "std": 0.031469212985658544
    },
    "70": {
        "mean": 0.49586166090512895,
        "std": 0.03127533421368786
    },
    "71": {
        "mean": 0.4957981089463345,
        "std": 0.031086639743399633
    },
    "72": {
        "mean": 0.49572243835525964,
        "std": 0.03090270017364524
    },
    "73": {
        "mean": 0.4956615708379122,
        "std": 0.030721324670388628
    },
    "74": {
        "mean": 0.4955940112612141,
        "std": 0.030544138769212536
    },
    "75": {
        "mean": 0.49552857999995475,
        "std": 0.03037045400201772
    },
    "76": {
        "mean": 0.49546528194247663,
        "std": 0.030199739337493196
    },
    "77": {
        "mean": 0.49540998986800056,
        "std": 0.03003051845113795
    },
    "78": {
        "mean": 0.4953473700110449,
        "std": 0.029865119553899394
    },
    "79": {
        "mean": 0.49527877047076735,
        "std": 0.029704359979253386
    },
    "80": {
        "mean": 0.4952238209961323,
        "std": 0.029545307896439096
    },
    "81": {
        "mean": 0.49516050107528353,
        "std": 0.029388746127188673
    },
    "82": {
        "mean": 0.49510724429536496,
        "std": 0.029233659833894
    },
    "83": {
        "mean": 0.4950461104186738,
        "std": 0.029084752062116165
    },
    "84": {
        "mean": 0.4949859313830792,
        "std": 0.028935733941564835
    },
    "85": {
        "mean": 0.49492691869553307,
        "std": 0.02878986286853773
    },
    "86": {
        "mean": 0.494872662677711,
        "std": 0.0286448016855925
    },
    "87": {
        "mean": 0.49481320348191676,
        "std": 0.028505389451357915
    },
    "88": {
        "mean": 0.4947536413168328,
        "std": 0.028369155753261453
    },
    "89": {
        "mean": 0.4947011922476355,